,gain
grp_bank_otkazmasi_chiqim_minus_karta_chiqim_q75,22213.460576057434
grp_bank_otkazmasi_chiqim_minus_naqd_kirim_q75,21705.886563777924
all_amt_min,17977.79179096222
type_bank_otkazmasi_minus_naqd_q75,15767.4357919693
grp_bank_otkazmasi_kirim_minus_naqd_kirim_q75,15400.301948070526
grp_bank_otkazmasi_chiqim_minus_naqd_kirim_mean,12550.856568813324
grp_bank_otkazmasi_kirim_minus_naqd_kirim_mean,10047.834187984467
grp_bank_otkazmasi_chiqim_minus_karta_chiqim_mean,9725.344491481781
type_bank_otkazmasi_minus_karta_std,8964.355323314667
grp_bank_otkazmasi_kirim_minus_karta_chiqim_std,6893.483431339264
nb_amt_min,6524.567291259766
grp_bank_otkazmasi_kirim_minus_karta_chiqim_q75,6302.127543926239
grp_bank_otkazmasi_chiqim_minus_karta_chiqim_std,6260.791884422302
grp_karta_chiqim_minus_karta_kirim_std,5717.925997257233
type_bank_otkazmasi_minus_naqd_mean,5214.668435573578
grp_bank_otkazmasi_chiqim_minus_karta_chiqim_median,5156.835359573364
type_bank_otkazmasi_minus_karta_q75,4910.5197496414185
w7_hour_std,2971.472710609436
grp_bank_otkazmasi_chiqim_minus_naqd_kirim_median,2900.449348449707
grp_naqd_kirim_minus_xalqaro_chiqim_q75,2604.384880065918
type_bank_otkazmasi_minus_naqd_std,2581.6333565711975
grp_karta_chiqim_minus_karta_kirim_q75,2558.6943674087524
burst_out_frac,2558.419196128845
burst_d_mean,2455.303289413452
w90_naqd_frac,2398.524914741516
grp_karta_chiqim_minus_karta_kirim_mean,2289.755084991455
grp_bank_otkazmasi_chiqim_minus_karta_kirim_std,2118.417215824127
w90_bank_minus_naqd,2102.2263445854187
grp_bank_otkazmasi_chiqim_minus_bank_otkazmasi_kirim_median,2085.550691127777
naqd_kirim_max,1966.8353624343872
w90_naqd_n,1915.2877292633057
grp_karta_chiqim_minus_naqd_chiqim_q75,1848.689815044403
burst_amt_min,1729.6292390823364
grp_bank_otkazmasi_kirim_minus_karta_kirim_q75,1717.7258353233337
type_karta_dev,1713.77245759964
w90_naqd_amt_max,1651.3118810653687
w7_d_std,1632.710274219513
ratio_w7_all,1600.0422248840332
grp_karta_chiqim_minus_naqd_chiqim_std,1544.5273609161377
w7_d_max,1478.9119291305542
old_naqd_amt_max,1450.0443062782288
w90_bank_minus_karta,1436.1938247680664
grp_karta_chiqim_minus_xalqaro_chiqim_q75,1421.9077353477478
grp_naqd_chiqim_minus_naqd_kirim_q75,1379.6140756607056
grp_bank_otkazmasi_kirim_minus_karta_chiqim_mean,1377.66472530365
w30_hour_mean,1373.3245882987976
w90_amt_min,1311.856511592865
w30_d_std,1295.484709739685
grp_bank_otkazmasi_kirim_minus_naqd_kirim_std,1293.396821975708
grp_karta_kirim_minus_naqd_kirim_mean,1266.464481830597
h_w30_q5,1248.1515197753906
all_amt_skew,1232.9048614501953
burst_karta_amt_max,1228.9373745918274
h_chiqim_hb3,1225.0471467971802
grp_naqd_kirim_frac,1214.1040210723877
burst_amt_q10,1208.0573053359985
grp_karta_kirim_minus_naqd_kirim_q75,1173.005208492279
w30_amt_q10,1134.3664817810059
w90_xalqaro_amt_max,1125.0432677268982
gap_max,1111.3773379325867
w90_d_max,1105.922390460968
grp_bank_otkazmasi_chiqim_minus_bank_otkazmasi_kirim_mean,1104.0006356239319
nb_amt_skew,1099.6334500312805
h_karta_q25,1091.3449268341064
old_amt_min,1075.4390654563904
all_karta_amt_max,1047.418489933014
grp_bank_otkazmasi_chiqim_minus_naqd_chiqim_q75,1039.7762789726257
grp_bank_otkazmasi_chiqim_minus_naqd_kirim_std,998.2887163162231
w7_d_mean,963.9593682289124
burst_naqd_amt_max,956.0182528495789
w7_sgn_sum,951.9797210693359
grp_bank_otkazmasi_kirim_minus_naqd_kirim_median,931.1288175582886
type_karta_q25,929.8236708641052
grp_bank_otkazmasi_kirim_minus_naqd_chiqim_q75,926.300675868988
dir_chiqim_minus_kirim_q25,922.5482487678528
grp_bank_otkazmasi_chiqim_minus_bank_otkazmasi_kirim_q25,918.9346837997437
w7_hour_mean,916.7301015853882
sig_doy,914.6169853210449
naqd_chiqim_n,904.5475068092346
out_trend,894.5619029998779
h_w30_hb0,891.2282810211182
amt_trend,889.5145721435547
grp_karta_chiqim_frac,888.257016658783
nb_night_frac,882.516622543335
naqd_chiqim_max,881.3481087684631
grp_karta_chiqim_minus_xalqaro_chiqim_median,862.5122580528259
w7_amt_skew,862.4125304222107
w7_amt_mean,852.3914089202881
all_d_std,847.6063394546509
grp_bank_otkazmasi_chiqim_minus_bank_otkazmasi_kirim_q75,841.2532482147217
grp_karta_kirim_minus_naqd_chiqim_q75,837.7857222557068
type_bank_otkazmasi_minus_karta_mean,824.7571477890015
grp_karta_chiqim_minus_xalqaro_chiqim_mean,822.0262260437012
old_d_min,811.1019263267517
old_d_mean,807.611560344696
w30_d_mean,801.3427200317383
grp_naqd_chiqim_frac,800.5044121742249
w90_xalqaro_amt_mean,790.1694574356079
w90_amt_skew,784.9912033081055
burst_naqd_frac,767.0561423301697
h_w30_hb3,765.8741006851196
all_night_frac,765.7770991325378
grp_bank_otkazmasi_kirim_minus_karta_chiqim_median,761.9883527755737
grp_bank_otkazmasi_kirim_minus_karta_kirim_std,759.5801038742065
old_out_frac,755.1108741760254
grp_bank_otkazmasi_chiqim_minus_karta_kirim_q75,754.5646390914917
dir_chiqim_minus_kirim_median,754.3846802711487
w7_karta_amt_mean,750.4136161804199
naqd_kirim_std,750.2531604766846
grp_bank_otkazmasi_chiqim_minus_karta_chiqim_q25,745.9984030723572
grp_naqd_kirim_q90,737.6282916069031
type_bank_otkazmasi_minus_naqd_median,732.5676398277283
type_naqd_dev,727.9957599639893
w30_amt_skew,716.9802989959717
w1_amt_q10,715.7935829162598
w7_amt_in_mean,704.0214200019836
all_hour_mean,700.5897831916809
nb_out_n,698.5760207176208
old_night_frac,693.5765919685364
h_chiqim_hb5,693.1612181663513
grp_bank_otkazmasi_chiqim_minus_naqd_chiqim_mean,689.948422908783
w30_amt_min,689.4042158126831
burst_amt_in_max,683.2936105728149
grp_bank_otkazmasi_chiqim_minus_naqd_chiqim_median,679.0848979949951
karta_kirim_max,677.5565495491028
grp_naqd_kirim_minus_xalqaro_chiqim_median,677.1194276809692
daily_mean,670.6731615066528
old_d_std,666.7698311805725
grp_bank_otkazmasi_kirim_frac,664.7555594444275
h_all_hb6,664.0514917373657
nb_hour_mean,662.514678478241
w1_amt_in_max,655.3074884414673
karta_chiqim_max,653.9419679641724
grp_bank_otkazmasi_chiqim_minus_bank_otkazmasi_kirim_std,653.3906087875366
grp_karta_chiqim_q10,653.3570003509521
w7_amt_std,652.2620496749878
type_naqd_minus_xalqaro_q75,649.9474301338196
grp_karta_chiqim_minus_karta_kirim_median,646.2636222839355
grp_naqd_chiqim_minus_naqd_kirim_std,642.9897108078003
grp_karta_kirim_minus_naqd_kirim_std,640.8777775764465
burst_ratio,632.8630695343018
h_bank_otkazmasi_hb1,627.7793898582458
amt_slope,627.6365532875061
grp_bank_otkazmasi_kirim_minus_karta_kirim_mean,625.4196572303772
old_karta_amt_max,622.3265085220337
h_naqd_q5,616.054931640625
w7_karta_amt_max,614.6326875686646
grp_naqd_kirim_minus_xalqaro_chiqim_mean,612.8082342147827
type_naqd_std,609.5325102806091
type_karta_minus_naqd_std,607.4447360038757
grp_karta_kirim_minus_naqd_chiqim_q25,607.4204878807068
w90_night_frac,606.0070576667786
grp_bank_otkazmasi_kirim_minus_naqd_kirim_q25,605.9258399009705
nb_karta_amt_max,601.6370859146118
burst_bank_otkazmasi_amt_max,599.3462905883789
grp_bank_otkazmasi_chiqim_minus_karta_kirim_median,591.1722240447998
w1_amt_max,589.3224806785583
w30_d_max,587.8555774688721
w90_hour_std,585.6499619483948
h_chiqim_q5,584.6719875335693
grp_naqd_chiqim_n,583.0555601119995
grp_karta_chiqim_minus_naqd_chiqim_median,582.267870426178
w7_amt_q90,582.1246871948242
karta_chiqim_std,581.2651824951172
w1_bank_otkazmasi_amt_mean,576.1704349517822
w7_amt_out_mean,574.9322719573975
h_karta_hb8,571.6051001548767
h_bank_otkazmasi_hb4,569.786018371582
old_naqd_amt_mean,568.8594994544983
grp_bank_otkazmasi_chiqim_minus_karta_kirim_mean,566.9030618667603
w90_hour_mean,565.4130778312683
old_hour_std,565.3739471435547
burst_pos_frac,560.9029231071472
old_karta_frac,558.8762321472168
grp_karta_chiqim_n,550.8906617164612
grp_karta_kirim_minus_naqd_chiqim_std,550.640184879303
grp_naqd_chiqim_minus_naqd_kirim_q25,550.0109386444092
w1_amt_q90,548.7074584960938
w90_type_xalqaro_mean,548.0580811500549
type_karta_minus_xalqaro_std,547.6261911392212
w30_weekend_frac,546.7054591178894
w1_amt_mean,536.6587586402893
ratio_w30_all,534.3701510429382
old_hour_mean,532.6387233734131
grp_karta_chiqim_q75,531.4785594940186
w1_amt_in_mean,530.5557570457458
h_naqd_q95,529.5338659286499
w30_bank_otkazmasi_amt_mean,519.1565804481506
grp_bank_otkazmasi_chiqim_minus_naqd_kirim_q25,518.345890045166
h_chiqim_hb0,517.0522785186768
burst_naqd_amt_mean,516.0524005889893
grp_naqd_chiqim_minus_naqd_kirim_median,510.51009941101074
type_karta_minus_naqd_q25,509.79957914352417
grp_naqd_kirim_std,508.82071256637573
w7_d_min,506.15525913238525
w7_weekend_frac,502.57622814178467
karta_chiqim_n,499.3144483566284
h_bank_otkazmasi_hb3,496.67278718948364
grp_bank_otkazmasi_kirim_minus_naqd_chiqim_std,495.320041179657
w90_karta_amt_max,493.02560329437256
w7_amt_sum,490.912230014801
all_amt_out_max,490.2288980484009
burst_karta_amt_mean,490.0640478134155
nb_d_mean,488.9530634880066
daily_std,488.88072967529297
old_naqd_frac,487.23152017593384
w7_amt_out_max,483.36806774139404
h_karta_q5,481.8402409553528
w1_amt_min,481.13108015060425
type_naqd_minus_xalqaro_std,480.42962884902954
nb_naqd_amt_max,475.42077827453613
h_karta_hb3,474.05876064300537
old_bank_otkazmasi_frac,472.4669895172119
w1_bank_otkazmasi_amt_max,471.9619822502136
all_weekend_frac,469.9950180053711
w1_karta_amt_mean,468.6237826347351
h_naqd_hb4,453.1357502937317
w30_type_bank_otkazmasi_mean,450.3760576248169
w1_amt_med,450.12126874923706
out_slope,445.5344181060791
grp_karta_chiqim_std,444.12239933013916
old_amt_skew,442.0406312942505
dir_chiqim_minus_kirim_q75,440.49950218200684
h_all_hb0,438.6666097640991
w7_amt_med,438.6344504356384
burst_amt_out_max,438.02438020706177
type_xalqaro_std,436.7706198692322
old_out_n,434.9530668258667
w7_bank_otkazmasi_frac,428.75114822387695
nb_d_std,424.29327917099
grp_naqd_kirim_minus_xalqaro_kirim_q75,422.30809688568115
type_karta_minus_naqd_median,419.8573079109192
grp_karta_chiqim_minus_naqd_kirim_median,417.9704580307007
old_weekend_frac,415.8595380783081
w30_naqd_amt_max,415.6706519126892
h_naqd_hb6,414.7313184738159
w7_amt_q10,411.9826993942261
naqd_chiqim_std,411.358277797699
gap_med,410.8715019226074
h_kirim_hb4,410.76971912384033
grp_naqd_chiqim_q10,408.4976201057434
h_karta_hb6,403.55124282836914
w30_karta_amt_max,403.09516620635986
daily_cv,402.4383578300476
all_naqd_amt_max,399.7484188079834
burst_d_max,398.46668815612793
h_all_hb4,397.99190187454224
karta_kirim_mean,397.1791319847107
w90_amt_in_max,396.2107892036438
w1_d_min,394.2774429321289
grp_naqd_kirim_minus_xalqaro_kirim_std,393.10435819625854
type_naqd_minus_xalqaro_mean,392.2087893486023
grp_karta_chiqim_minus_xalqaro_kirim_q75,391.7276420593262
h_w30_hb4,391.2768244743347
grp_karta_kirim_frac,391.2398581504822
w1_sgn_sum,389.8797011375427
w90_weekend_frac,387.6323809623718
grp_karta_chiqim_minus_karta_kirim_q25,386.60218048095703
w30_bank_minus_karta,386.46016120910645
grp_naqd_chiqim_minus_naqd_kirim_mean,384.0030508041382
bank_otkazmasi_chiqim_std,383.46882247924805
h_bank_otkazmasi_hb10,383.05413818359375
sig_month,380.3755588531494
type_karta_minus_xalqaro_q75,380.3448519706726
old_n,379.61722707748413
nb_naqd_frac,374.10732078552246
w30_amt_out_mean,373.55340003967285
type_naqd_frac,370.43262004852295
all_hour_std,369.39259815216064
w30_bank_minus_naqd,367.7272744178772
grp_karta_chiqim_minus_naqd_chiqim_q25,366.30107975006104
dir_chiqim_minus_kirim_std,363.64342880249023
w30_out_frac,363.0073790550232
grp_bank_otkazmasi_kirim_minus_karta_kirim_median,360.4288902282715
w7_night_frac,360.4233708381653
gap_mean,359.7060389518738
dir_chiqim_n,358.65389919281006
h_karta_hb2,357.05352687835693
nb_nuniq_days,356.77564001083374
w7_amt_in_max,355.77588653564453
all_amt_max,353.1369185447693
w30_n,352.48744201660156
burst_xalqaro_amt_mean,351.8504605293274
burst_karta_frac,350.15770149230957
all_naqd_frac,348.7155613899231
dir_chiqim_minus_kirim_mean,348.31716871261597
type_karta_minus_naqd_q75,347.163969039917
burst_amt_std,346.4749917984009
grp_karta_kirim_q25,345.94996070861816
burst_d_std,343.81972885131836
w7_bank_otkazmasi_amt_max,343.06301164627075
grp_karta_chiqim_minus_naqd_chiqim_mean,342.9526515007019
nb_d_min,342.80679988861084
type_karta_minus_naqd_mean,340.8937063217163
grp_karta_chiqim_median,340.7572784423828
burst_karta_n,339.92662811279297
h_bank_otkazmasi_hb5,337.52124786376953
w1_karta_amt_max,337.5091800689697
old_karta_n,337.0713405609131
w90_bank_otkazmasi_amt_max,336.94854831695557
type_naqd_q10,333.48401641845703
grp_bank_otkazmasi_chiqim_minus_xalqaro_chiqim_median,333.1535201072693
grp_naqd_chiqim_minus_xalqaro_chiqim_q75,332.7187399864197
burst_amt_in_mean,331.7129650115967
grp_naqd_chiqim_std,331.2373323440552
grp_karta_chiqim_minus_xalqaro_chiqim_q25,331.10091972351074
grp_karta_chiqim_minus_naqd_kirim_std,329.7378797531128
burst_xalqaro_amt_max,329.5323295593262
grp_bank_otkazmasi_chiqim_minus_karta_kirim_q25,329.1286315917969
burst_amt_skew,329.05726051330566
h_w30_q25,326.97270011901855
w7_amt_min,324.4157199859619
grp_karta_kirim_minus_naqd_kirim_median,324.41192722320557
grp_karta_kirim_minus_naqd_kirim_q25,323.2392911911011
w30_amt_std,322.78492975234985
type_naqd_minus_xalqaro_q25,322.29754972457886
w30_amt_med,322.22731924057007
w7_n,317.1164379119873
grp_naqd_kirim_minus_xalqaro_kirim_q25,317.0032262802124
grp_naqd_kirim_q10,316.93552017211914
grp_naqd_kirim_q75,316.3015093803406
w90_n,314.8135824203491
w90_d_std,314.7209815979004
old_xalqaro_amt_mean,314.41405963897705
w30_bank_otkazmasi_amt_max,313.43472957611084
h_bank_otkazmasi_hb6,313.10221004486084
w90_xalqaro_frac,310.2594714164734
grp_karta_kirim_minus_xalqaro_chiqim_q75,310.23748254776
naqd_kirim_mean,309.7003402709961
burst_amt_out_mean,308.9936981201172
h_chiqim_hb4,306.7128601074219
w7_karta_n,305.06701946258545
w7_amt_max,304.4849100112915
karta_chiqim_mean,303.729229927063
nb_bank_otkazmasi_frac,301.0360383987427
grp_bank_otkazmasi_kirim_minus_xalqaro_chiqim_q25,300.52967071533203
w30_hour_std,299.09508991241455
bank_otkazmasi_chiqim_n,298.63093757629395
type_naqd_q90,298.4111189842224
grp_naqd_kirim_minus_xalqaro_kirim_mean,297.97872161865234
grp_bank_otkazmasi_chiqim_std,296.3243408203125
nb_weekend_frac,295.7346487045288
h_kirim_hb6,295.47964668273926
w7_karta_frac,295.12477922439575
grp_karta_chiqim_minus_naqd_kirim_q75,288.4472990036011
w90_d_mean,287.32036876678467
dir_chiqim_q10,286.4444513320923
karta_kirim_n,283.75184965133667
all_naqd_n,282.53380012512207
type_bank_otkazmasi_n,280.63396167755127
grp_karta_kirim_minus_naqd_chiqim_median,279.77907276153564
w90_out_frac,279.18135118484497
nb_hour_std,277.6145977973938
grp_karta_chiqim_q90,275.79572105407715
nb_karta_n,275.483980178833
grp_bank_otkazmasi_chiqim_minus_xalqaro_chiqim_q75,275.0313329696655
w90_out_n,274.1141586303711
all_xalqaro_amt_max,272.8771696090698
w30_naqd_frac,272.55325984954834
type_bank_otkazmasi_frac,272.1850185394287
grp_bank_otkazmasi_chiqim_q25,272.01617193222046
type_karta_n,271.76626205444336
grp_karta_kirim_mean,270.8008699417114
grp_karta_chiqim_minus_xalqaro_kirim_mean,270.05481815338135
nb_karta_frac,264.5416188240051
all_nuniq_days,264.1232395172119
all_out_frac,262.7631993293762
w90_amt_out_max,262.57733821868896
ratio_w1_w7,261.83317947387695
w1_bank_otkazmasi_frac,259.47911071777344
grp_bank_otkazmasi_kirim_minus_naqd_chiqim_q25,258.68860960006714
grp_karta_kirim_q10,254.5106897354126
bank_otkazmasi_kirim_std,252.70969104766846
old_bank_otkazmasi_n,251.60994815826416
w1_d_max,251.35537767410278
w30_amt_in_max,251.08202123641968
burst_amt_sum,250.96946144104004
nb_amt_std,250.24444961547852
w90_naqd_amt_mean,250.00448846817017
grp_bank_otkazmasi_kirim_minus_xalqaro_chiqim_q75,249.5354290008545
grp_naqd_kirim_minus_xalqaro_chiqim_q25,249.47818756103516
grp_bank_otkazmasi_kirim_minus_naqd_chiqim_median,248.61908960342407
h_kirim_hb1,248.19147300720215
type_karta_q10,247.9669795036316
h_all_hb5,246.43674087524414
h_w30_hb7,244.70337009429932
h_naqd_hb8,242.71731996536255
gap_std,242.07585048675537
old_bank_otkazmasi_amt_max,241.64472007751465
w90_nuniq_days,241.188720703125
old_amt_max,240.56630039215088
grp_naqd_chiqim_minus_xalqaro_kirim_q75,240.12315797805786
grp_bank_otkazmasi_chiqim_q10,239.90164995193481
nb_amt_out_max,238.05239963531494
nb_negbig_n,234.00947093963623
h_all_hb10,233.53906917572021
grp_bank_otkazmasi_kirim_minus_xalqaro_chiqim_mean,232.3046588897705
h_bank_otkazmasi_q5,231.98286151885986
bank_otkazmasi_chiqim_max,230.89105939865112
grp_xalqaro_kirim_std,230.38416814804077
w90_karta_frac,230.32248973846436
type_bank_otkazmasi_minus_karta_median,230.0738983154297
naqd_kirim_n,229.84384155273438
burst_amt_q90,229.79288816452026
burst_bank_otkazmasi_frac,229.43543100357056
type_bank_otkazmasi_minus_naqd_q25,228.55169010162354
w30_bank_otkazmasi_n,226.47815990447998
grp_naqd_chiqim_minus_xalqaro_kirim_q25,225.23993015289307
h_w30_q95,224.495698928833
burst_out_n,224.15655136108398
h_naqd_hb2,223.7921404838562
w7_bank_otkazmasi_amt_mean,223.3271198272705
nb_naqd_n,222.92485809326172
h_karta_hb4,222.64044904708862
all_d_mean,222.23836946487427
grp_xalqaro_chiqim_q90,220.92952156066895
grp_karta_chiqim_minus_naqd_kirim_mean,220.67888164520264
w7_nuniq_days,220.2217493057251
w30_amt_in_mean,218.96480083465576
grp_bank_otkazmasi_chiqim_frac,218.38197898864746
h_xalqaro_q75,218.0457797050476
h_naqd_hb7,217.88648223876953
h_bank_otkazmasi_hb2,217.64935111999512
w30_bank_otkazmasi_frac,217.60973072052002
w90_bank_otkazmasi_frac,217.31518936157227
h_karta_hb1,216.70779180526733
old_amt_q10,215.86727905273438
w90_amt_std,215.6486701965332
type_bank_otkazmasi_dev,215.18846130371094
grp_karta_kirim_minus_naqd_chiqim_mean,214.52906942367554
w1_amt_sum,214.19080924987793
grp_bank_otkazmasi_chiqim_n,213.2911901473999
grp_bank_otkazmasi_kirim_minus_karta_kirim_q25,212.17012929916382
h_xalqaro_q50,211.97249031066895
type_naqd_minus_xalqaro_median,210.99482250213623
all_out_n,210.29231071472168
w90_karta_n,209.83327102661133
burst_bank_otkazmasi_amt_mean,207.9977903366089
old_amt_sum,207.80592250823975
nb_n,207.7429394721985
nb_out_frac,207.10848903656006
grp_karta_kirim_minus_xalqaro_kirim_std,206.5698299407959
grp_bank_otkazmasi_kirim_minus_xalqaro_chiqim_median,206.0430212020874
old_xalqaro_amt_max,205.87167978286743
grp_karta_kirim_n,205.29462814331055
grp_bank_otkazmasi_kirim_minus_karta_chiqim_q25,205.0992727279663
grp_karta_kirim_minus_xalqaro_kirim_q75,204.92323112487793
w1_d_mean,204.06339025497437
gap_min,202.80809879302979
h_naqd_hb5,202.29598903656006
h_w30_q50,201.61702919006348
old_amt_out_max,200.1548490524292
h_kirim_q5,199.83405113220215
type_bank_otkazmasi_std,199.2156114578247
w1_amt_std,197.18663883209229
h_w30_hb2,196.84997940063477
type_bank_otkazmasi_minus_xalqaro_median,194.8617081642151
all_amt_q10,193.82299900054932
h_w30_hb6,193.47605752944946
w30_amt_sum,193.28935861587524
h_karta_hb7,192.31113147735596
type_bank_otkazmasi_minus_xalqaro_q75,191.3861289024353
w7_out_frac,190.64537715911865
grp_karta_chiqim_q25,189.79000902175903
grp_bank_otkazmasi_chiqim_minus_xalqaro_kirim_median,189.0211305618286
grp_naqd_chiqim_minus_xalqaro_chiqim_median,188.42409992218018
grp_bank_otkazmasi_kirim_std,188.1395001411438
grp_naqd_chiqim_q90,187.1944284439087
grp_bank_otkazmasi_chiqim_minus_naqd_chiqim_std,186.8968095779419
w30_sgn_sum,186.11832904815674
grp_naqd_chiqim_q25,185.3095202445984
w90_amt_max,184.86944818496704
all_xalqaro_frac,184.44213914871216
burst_amt_med,184.12090063095093
grp_naqd_kirim_mean,184.06480073928833
w30_karta_n,183.1743803024292
old_d_max,182.2910704612732
type_bank_otkazmasi_minus_xalqaro_mean,182.1009693145752
grp_xalqaro_chiqim_minus_xalqaro_kirim_q25,181.26190090179443
type_xalqaro_dev,180.7700595855713
w30_type_naqd_mean,179.71840143203735
type_bank_otkazmasi_minus_xalqaro_q25,179.69343948364258
w30_naqd_amt_mean,178.66438007354736
h_xalqaro_q5,178.64552211761475
w90_type_naqd_mean,177.93706846237183
grp_karta_chiqim_minus_xalqaro_kirim_std,177.83851146697998
all_xalqaro_amt_mean,177.66662979125977
grp_bank_otkazmasi_chiqim_minus_xalqaro_kirim_q25,177.30933952331543
grp_naqd_kirim_minus_xalqaro_kirim_median,177.10585975646973
h_w30_hb5,176.50309944152832
dir_chiqim_std,175.46148109436035
all_karta_amt_mean,175.05028915405273
w30_night_frac,174.8564805984497
burst_n,174.74040031433105
grp_karta_chiqim_mean,174.4031400680542
h_naqd_hb3,174.1068606376648
grp_naqd_chiqim_minus_xalqaro_kirim_mean,173.3426389694214
dir_chiqim_frac,172.03725147247314
grp_karta_kirim_minus_xalqaro_chiqim_mean,171.66501140594482
h_all_hb3,171.64276027679443
grp_bank_otkazmasi_chiqim_minus_naqd_chiqim_q25,171.60579204559326
grp_naqd_kirim_q25,171.32675790786743
w7_naqd_amt_mean,170.8281397819519
w90_bank_otkazmasi_n,170.75127935409546
w30_pos_frac,170.54718780517578
h_chiqim_hb1,169.98443031311035
grp_xalqaro_chiqim_minus_xalqaro_kirim_mean,169.22108840942383
grp_bank_otkazmasi_kirim_minus_xalqaro_kirim_q25,167.96309185028076
type_bank_otkazmasi_minus_karta_q25,167.73827123641968
w30_amt_out_max,167.0267915725708
all_bank_otkazmasi_amt_max,165.29760837554932
old_xalqaro_frac,164.98336935043335
grp_karta_chiqim_minus_naqd_kirim_q25,164.60016298294067
burst_amt_max,164.40001010894775
old_negbig_n,163.88860988616943
h_all_hb2,161.95476055145264
type_karta_frac,161.92866039276123
old_amt_in_max,161.53742122650146
h_karta_hb5,159.15109062194824
h_kirim_hb5,157.7321515083313
nb_bank_otkazmasi_amt_max,156.98543071746826
h_xalqaro_q25,156.73993110656738
nb_d_max,156.35571098327637
grp_xalqaro_kirim_mean,155.46138095855713
h_chiqim_hb7,155.24166870117188
type_karta_minus_xalqaro_mean,155.04348993301392
grp_naqd_chiqim_minus_xalqaro_kirim_median,154.77736139297485
grp_karta_chiqim_minus_xalqaro_kirim_q25,154.3443512916565
w30_nuniq_days,154.22946071624756
all_sgn_sum,154.21222019195557
h_karta_hb0,153.75179958343506
dir_kirim_frac,153.3649296760559
grp_xalqaro_chiqim_frac,153.08743143081665
h_kirim_hb0,151.48247146606445
burst_sgn_sum,147.84252977371216
dir_chiqim_q25,147.62386226654053
type_naqd_q75,147.26756954193115
grp_naqd_chiqim_minus_xalqaro_chiqim_mean,146.97417831420898
grp_karta_kirim_minus_xalqaro_kirim_q25,146.62143993377686
grp_bank_otkazmasi_kirim_minus_xalqaro_kirim_q75,146.61511993408203
grp_bank_otkazmasi_chiqim_q75,146.42175102233887
nb_amt_q10,144.65549850463867
type_karta_std,144.0355396270752
h_w30_hb8,143.86300945281982
h_naqd_q75,143.71320152282715
h_karta_q75,142.81632900238037
h_all_hb1,142.69661045074463
nb_amt_max,141.98762226104736
grp_karta_kirim_median,141.32462978363037
grp_naqd_chiqim_median,139.58016109466553
karta_kirim_std,138.43916988372803
grp_bank_otkazmasi_kirim_minus_xalqaro_kirim_mean,138.38638925552368
grp_xalqaro_chiqim_minus_xalqaro_kirim_median,138.19149017333984
type_bank_otkazmasi_minus_xalqaro_std,138.09702014923096
grp_bank_otkazmasi_kirim_q10,138.09238147735596
type_naqd_n,138.03291034698486
w1_d_std,137.92545986175537
grp_bank_otkazmasi_kirim_minus_naqd_chiqim_mean,137.2616991996765
w90_amt_q10,137.1541519165039
grp_bank_otkazmasi_chiqim_median,136.95488023757935
w30_amt_q90,136.49330806732178
h_bank_otkazmasi_hb7,136.3517303466797
all_karta_n,136.23410034179688
old_naqd_n,136.01531982421875
burst_xalqaro_frac,135.35740995407104
burst_d_min,133.1485095024109
w7_pos_frac,132.5564489364624
all_n,131.74572086334229
grp_karta_kirim_minus_xalqaro_chiqim_median,128.8492612838745
grp_xalqaro_chiqim_median,127.988450050354
w30_amt_mean,126.338698387146
grp_bank_otkazmasi_kirim_median,125.35982894897461
w1_amt_out_max,125.31566953659058
grp_karta_kirim_std,124.38557004928589
burst_amt_mean,124.31511974334717
w7_out_n,124.16344928741455
grp_karta_kirim_minus_xalqaro_kirim_mean,123.88482093811035
grp_xalqaro_kirim_q90,122.29655933380127
all_karta_frac,122.19520950317383
grp_xalqaro_kirim_median,122.03324890136719
old_karta_amt_mean,121.90685939788818
grp_naqd_chiqim_minus_xalqaro_chiqim_q25,121.84220027923584
w90_sgn_sum,120.6995210647583
nb_bank_otkazmasi_n,120.03439092636108
h_chiqim_hb10,119.3545913696289
w90_amt_sum,118.85090065002441
w1_hour_std,118.58295059204102
grp_karta_kirim_minus_xalqaro_chiqim_q25,117.57116985321045
all_amt_in_max,117.31605911254883
type_xalqaro_q10,117.14109992980957
h_bank_otkazmasi_hb0,116.30552005767822
w7_naqd_amt_max,115.92239809036255
h_w30_hb1,115.59988975524902
type_bank_otkazmasi_q10,115.50860977172852
h_kirim_hb3,115.49488019943237
all_d_min,115.25054931640625
grp_bank_otkazmasi_chiqim_minus_xalqaro_kirim_q75,114.78881072998047
burst_negbig_n,114.71663856506348
w30_karta_frac,114.70915985107422
grp_xalqaro_chiqim_q25,114.40825939178467
h_karta_q95,112.75242233276367
h_bank_otkazmasi_q95,111.79529762268066
w30_out_n,111.2232894897461
old_pos_frac,110.93925046920776
grp_xalqaro_kirim_frac,110.38574123382568
w90_karta_amt_mean,110.0741195678711
type_karta_q90,109.59784030914307
burst_hour_std,109.485671043396
nb_xalqaro_frac,109.38198947906494
type_karta_minus_xalqaro_q25,109.37534809112549
all_naqd_amt_mean,109.25820922851562
dir_kirim_n,108.61394214630127
grp_xalqaro_chiqim_q10,108.45980072021484
type_naqd_median,108.3538007736206
w30_naqd_n,108.31737041473389
h_naqd_q50,107.18420886993408
w7_naqd_frac,107.0497899055481
grp_naqd_chiqim_mean,107.0390396118164
old_nuniq_days,107.02801132202148
grp_naqd_kirim_n,106.49240112304688
grp_bank_otkazmasi_chiqim_minus_xalqaro_chiqim_mean,106.0725908279419
h_kirim_hb10,105.66658115386963
grp_bank_otkazmasi_kirim_n,105.28762006759644
all_bank_otkazmasi_frac,105.10400867462158
w7_bank_otkazmasi_n,104.97218036651611
all_d_max,104.77979040145874
bank_otkazmasi_kirim_mean,104.3357400894165
daily_max,104.15389060974121
h_karta_q50,103.27556037902832
w90_pos_frac,101.90389919281006
w1_out_frac,100.53879165649414
w90_d_min,99.83570098876953
h_chiqim_q50,99.58808040618896
w30_karta_amt_mean,99.51071977615356
dir_chiqim_q90,99.43985843658447
grp_bank_otkazmasi_kirim_minus_xalqaro_kirim_median,98.80081081390381
w30_d_min,98.47741985321045
w90_type_karta_mean,98.05815887451172
nb_xalqaro_amt_max,97.76442050933838
h_karta_hb10,97.71780109405518
w90_amt_out_mean,97.24517869949341
bank_otkazmasi_kirim_max,97.03874969482422
h_bank_otkazmasi_q50,96.93414115905762
grp_xalqaro_chiqim_mean,96.19093894958496
grp_karta_chiqim_minus_xalqaro_kirim_median,95.97390937805176
grp_naqd_kirim_median,95.22136878967285
h_all_q25,95.12037992477417
w90_bank_otkazmasi_amt_mean,95.11264038085938
type_bank_otkazmasi_q90,94.17640018463135
type_xalqaro_q90,94.0653886795044
all_negbig_n,93.9104700088501
h_bank_otkazmasi_hb9,93.31710052490234
type_karta_mean,92.1769905090332
naqd_chiqim_mean,92.16640949249268
h_kirim_hb7,91.61558151245117
grp_bank_otkazmasi_chiqim_minus_xalqaro_kirim_mean,91.51575088500977
grp_xalqaro_kirim_q25,91.20584964752197
type_xalqaro_median,91.00607872009277
w30_negbig_n,90.8694200515747
grp_karta_kirim_q75,90.25899934768677
grp_bank_otkazmasi_chiqim_q90,89.59745979309082
h_bank_otkazmasi_q25,89.48165893554688
old_amt_q90,88.32095909118652
h_karta_hb9,88.02897930145264
h_all_hb7,87.22525119781494
h_xalqaro_q95,87.00793170928955
nb_karta_amt_mean,86.92819929122925
nb_amt_sum,86.49652004241943
h_naqd_hb9,85.45544958114624
grp_naqd_chiqim_q75,85.2489709854126
dir_kirim_q25,85.24439907073975
all_amt_q90,85.09569835662842
old_amt_std,84.43149852752686
all_huge_n,84.39569854736328
grp_bank_otkazmasi_chiqim_minus_xalqaro_kirim_std,84.09846019744873
grp_karta_kirim_q90,83.91238975524902
h_naqd_q25,82.44185876846313
h_chiqim_hb6,82.32091045379639
sig_dow,82.11084127426147
grp_bank_otkazmasi_kirim_q75,81.46086025238037
grp_bank_otkazmasi_kirim_minus_xalqaro_kirim_std,80.85304832458496
h_bank_otkazmasi_q75,80.45794105529785
h_all_q5,80.4576005935669
burst_bank_otkazmasi_n,80.18194150924683
w1_amt_out_mean,80.1110897064209
w30_amt_max,76.33049011230469
h_kirim_q25,76.24896955490112
type_xalqaro_frac,75.59541034698486
grp_bank_otkazmasi_kirim_q90,75.05137062072754
type_karta_minus_xalqaro_median,74.01602077484131
type_karta_median,73.70089912414551
w90_amt_mean,73.67180824279785
all_amt_std,73.58999061584473
old_amt_out_mean,73.2875108718872
h_chiqim_q75,72.96738910675049
grp_naqd_chiqim_minus_xalqaro_kirim_std,72.66871070861816
h_kirim_hb2,72.48561096191406
h_bank_otkazmasi_hb8,71.94619941711426
dir_chiqim_median,71.47165107727051
h_w30_q75,71.32364988327026
h_all_hb9,70.99300003051758
nb_naqd_amt_mean,70.38062000274658
bank_otkazmasi_kirim_n,70.00242042541504
grp_xalqaro_kirim_q75,69.84720993041992
type_xalqaro_q25,69.40174961090088
all_bank_otkazmasi_n,69.25640058517456
dir_kirim_q10,69.21853971481323
w1_karta_frac,69.11122989654541
bank_otkazmasi_chiqim_mean,68.99598979949951
burst_naqd_n,68.90815925598145
dir_kirim_q90,67.07298946380615
burst_night_frac,66.71306037902832
h_chiqim_hb8,66.64445972442627
w30_type_karta_mean,66.18403911590576
nb_amt_in_max,66.03840065002441
h_kirim_hb9,65.8271598815918
type_xalqaro_q75,65.6285400390625
h_kirim_hb8,64.66585063934326
w90_type_bank_otkazmasi_mean,64.57676029205322
old_big_n,63.72535848617554
h_chiqim_hb2,63.5418906211853
all_bank_otkazmasi_amt_mean,63.396599769592285
grp_karta_kirim_minus_xalqaro_kirim_median,62.56748104095459
h_kirim_q50,62.50189018249512
h_all_q95,62.10322952270508
h_all_q50,60.68249988555908
w30_xalqaro_amt_mean,59.15492010116577
w7_negbig_n,59.12080955505371
h_chiqim_q95,58.662139892578125
old_bank_otkazmasi_amt_mean,57.86534023284912
burst_hour_mean,57.84189987182617
old_sgn_sum,57.659379959106445
grp_xalqaro_kirim_q10,57.45996046066284
w90_negbig_n,57.22987937927246
all_amt_med,56.4489107131958
type_bank_otkazmasi_q75,56.32154083251953
w1_amt_skew,56.04930019378662
grp_xalqaro_chiqim_minus_xalqaro_kirim_q75,55.3731803894043
grp_bank_otkazmasi_kirim_q25,54.63444995880127
nb_sgn_sum,53.644500732421875
all_big_n,52.41830062866211
nb_bank_otkazmasi_amt_mean,52.1187801361084
dir_kirim_q75,51.42403984069824
all_amt_sum,50.75749969482422
grp_xalqaro_chiqim_q75,48.96603012084961
h_kirim_q75,47.882659912109375
grp_bank_otkazmasi_chiqim_mean,47.14912986755371
w90_amt_med,46.87430000305176
type_bank_otkazmasi_median,45.87214946746826
h_w30_hb9,45.6515007019043
dir_kirim_std,44.92816925048828
w1_hour_mean,43.61150074005127
h_xalqaro_hb9,43.26663017272949
burst_weekend_frac,42.78451061248779
type_naqd_mean,42.066269874572754
type_naqd_q25,41.969759941101074
type_bank_otkazmasi_mean,41.742751121520996
type_karta_q75,41.23359966278076
nb_amt_med,40.72986030578613
all_amt_out_mean,40.31332015991211
nb_amt_q90,38.581899642944336
nb_amt_mean,38.14457988739014
h_all_hb8,38.10171031951904
w30_xalqaro_amt_max,37.832889556884766
type_bank_otkazmasi_q25,37.83049964904785
w30_type_xalqaro_mean,36.557480812072754
all_amt_mean,36.49480056762695
w90_amt_in_mean,33.48403978347778
old_xalqaro_n,33.423319816589355
old_amt_med,33.07810020446777
type_xalqaro_mean,32.157999992370605
h_xalqaro_hb6,31.75529956817627
dir_chiqim_q75,31.25349998474121
nb_huge_n,30.395639419555664
w1_out_n,30.35890007019043
old_amt_mean,30.323659896850586
grp_bank_otkazmasi_chiqim_minus_xalqaro_chiqim_q25,30.26154899597168
h_xalqaro_hb7,29.651219844818115
dir_chiqim_mean,29.538400650024414
old_huge_n,28.726240634918213
nb_big_n,28.538589477539062
nb_xalqaro_amt_mean,28.2716703414917
h_all_q75,27.54998016357422
h_chiqim_hb9,27.338600158691406
grp_xalqaro_chiqim_std,26.84670066833496
all_amt_in_mean,25.71950054168701
grp_karta_chiqim_minus_xalqaro_chiqim_std,25.620720386505127
nb_amt_in_mean,24.452500343322754
dir_kirim_median,23.620699882507324
h_xalqaro_hb8,22.71254014968872
w90_huge_n,20.722599983215332
all_pos_frac,20.591360092163086
w1_night_frac,19.997819900512695
nb_xalqaro_n,19.064010620117188
nb_pos_frac,19.001370429992676
w1_n,16.23189926147461
w1_pos_frac,16.16269016265869
dir_kirim_mean,15.893199920654297
burst_big_n,15.250699996948242
grp_xalqaro_kirim_n,14.732199668884277
type_xalqaro_n,13.767600059509277
w90_big_n,13.656100273132324
h_kirim_q95,13.106100082397461
w90_amt_q90,13.034799575805664
grp_bank_otkazmasi_kirim_mean,12.676400184631348
grp_karta_kirim_minus_xalqaro_chiqim_std,12.62720012664795
w1_bank_otkazmasi_n,12.153400421142578
sig_year,12.14430046081543
grp_xalqaro_chiqim_minus_xalqaro_kirim_std,11.783599853515625
h_xalqaro_hb5,10.91510009765625
grp_naqd_kirim_minus_xalqaro_chiqim_std,9.792320251464844
burst_huge_n,9.646200180053711
old_amt_in_mean,9.480649948120117
h_chiqim_q25,9.455050468444824
w30_xalqaro_frac,9.155770301818848
w7_naqd_n,9.136019706726074
burst_xalqaro_n,8.606659889221191
w1_naqd_frac,8.374650001525879
grp_bank_otkazmasi_kirim_minus_xalqaro_chiqim_std,0.0
grp_naqd_chiqim_minus_xalqaro_chiqim_std,0.0
h_naqd_hb10,0.0
h_xalqaro_hb4,0.0
h_xalqaro_hb3,0.0
h_xalqaro_hb10,0.0
w1_naqd_amt_mean,0.0
w1_xalqaro_frac,0.0
w7_big_n,0.0
w7_xalqaro_amt_max,0.0
w1_xalqaro_amt_max,0.0
w7_xalqaro_amt_mean,0.0
w7_huge_n,0.0
w7_xalqaro_n,0.0
w90_xalqaro_n,0.0
w30_xalqaro_n,0.0
w30_big_n,0.0
w30_huge_n,0.0
w7_xalqaro_frac,0.0
grp_xalqaro_chiqim_n,0.0
w1_naqd_n,0.0
w1_karta_n,0.0
w1_nuniq_days,0.0
w1_weekend_frac,0.0
w1_big_n,0.0
w1_xalqaro_n,0.0
h_w30_hb10,0.0
w1_huge_n,0.0
w1_negbig_n,0.0
burst_nuniq_days,0.0
w1_xalqaro_amt_mean,0.0
w1_naqd_amt_max,0.0
nb_amt_out_mean,0.0
grp_bank_otkazmasi_chiqim_minus_xalqaro_chiqim_std,0.0
all_xalqaro_n,0.0
